epoch,train_loss,precision,recall,iou,dice,fp_per_image,inference_time_ms_per_image,images
1,0.15805750496564466,0.7467278869015979,0.5827138289488882,0.48655072886347434,0.6546035993476809,5029.14376321353,0.0,1892
2,0.09890816257157051,0.8099999713538718,0.5579661122988757,0.49339066614532573,0.6607657022778158,3330.3525369978856,0.0,1892
3,0.08863644262217657,0.7887166769499064,0.615884585460261,0.5286632639445127,0.691667388644334,4198.143234672304,0.0,1892
4,0.08194971719205325,0.8012765743726814,0.6243318239678721,0.5406221038575327,0.7018231174327304,3939.9963002114164,0.0,1892
5,0.07711511904572134,0.790794499721997,0.6638230799376419,0.5646602285786111,0.721767215993682,4468.641649048625,0.0,1892
6,0.07302370726799975,0.8035224646819857,0.6501463789613106,0.5609671954989885,0.7187430935339628,4045.1976744186045,0.0,1892
7,0.06974531270375321,0.8143723307561807,0.6321314111535071,0.5525200393398457,0.7117718616692192,3666.4080338266385,0.0,1892
8,0.06701792707996249,0.7953303589535087,0.6635152482316865,0.5667445018203604,0.723467676014659,4344.807082452431,0.0,1892
9,0.06464889601027654,0.7710241899851019,0.7087918293073606,0.5855391800426428,0.7385994460595983,5356.165961945032,0.0,1892
10,0.06302922125065208,0.7782008281998074,0.7109872385063648,0.591187635358476,0.7430772112872638,5156.366279069767,0.0,1892
11,0.060682590299417076,0.8148255487248207,0.6416921405019513,0.5600244725485984,0.7179688298526385,3710.7087737843553,0.0,1892
12,0.058011292152960754,0.8204941034404681,0.6384340056908153,0.5601894400407322,0.7181043861264786,3554.127378435518,0.0,1892
13,0.0552561539872499,0.792642307886701,0.6801713945455503,0.5774269569611253,0.7321124498512747,4527.672304439746,0.0,1892
14,0.05501804832917124,0.8002062042014938,0.6644708351164689,0.5699191529654712,0.7260490476709357,4221.528541226216,0.0,1892
15,0.05308753496795785,0.8032430145890581,0.6784848631444004,0.5817926318125928,0.7356117611268811,4228.9941860465115,0.0,1892
16,0.051469404205834554,0.7835080819731276,0.7096110106042207,0.59328386079277,0.7447308987333491,4989.215644820296,0.0,1892
17,0.05034315002332391,0.778246404624769,0.7086022490117969,0.5895638859575291,0.7417932568370912,5137.7124735729385,0.0,1892
18,0.04905707505195391,0.779923135295735,0.7066727756651102,0.5891850117996394,0.7414932904916202,5074.049154334038,0.0,1892
19,0.04737843889221952,0.7909531099708894,0.6966314798963567,0.5883125877421862,0.7408020213180867,4685.002114164905,0.0,1892
20,0.047409621015231426,0.7940084601210192,0.6681101661130092,0.5694139627018008,0.7256389661801337,4410.482029598309,0.0,1892
21,0.0458765695105216,0.7859293180192417,0.7125232397878752,0.5967149483725316,0.7474282732565879,4938.40221987315,0.0,1892
22,0.04477916872473467,0.8015296532746409,0.6799742119285035,0.5819846131659143,0.7357652006503774,4284.322938689218,0.0,1892
23,0.04363985964019752,0.7855503998266302,0.6984196871545008,0.5865802233474767,0.7394271209430169,4851.559725158562,0.0,1892
24,0.04371700799832329,0.7854450526945596,0.7076542229057572,0.5930202485228598,0.7445231773704601,4918.781712473573,0.0,1892
25,0.04186986501762368,0.8192648180291477,0.6605860488386011,0.5765636542467888,0.7314181735621008,3708.186046511628,0.0,1892
26,0.040794703593336396,0.7800010760123456,0.7113002838262334,0.5924432033366731,0.7440682369020344,5104.95665961945,0.0,1892
27,0.04071774021285294,0.7784106334363324,0.7169994285172925,0.5954613087986241,0.7464440604291483,5193.650105708245,0.0,1892
28,0.039138920440436056,0.7713635038319147,0.7083283577247033,0.585418307089909,0.7385032763554559,5342.380549682875,0.0,1892
29,0.03903638638660231,0.7727678549823382,0.7164103732305727,0.5917517949930381,0.7435226985192452,5360.389006342495,0.0,1892
30,0.037651321918380845,0.7793822430311539,0.7105439566955152,0.5915619840854819,0.7433728500689163,5117.933403805497,0.0,1892
31,0.03737577655443431,0.7702675514551692,0.7177788949543829,0.591213311194135,0.74309749300734,5447.348308668076,0.0,1892
32,0.03705717005728263,0.7641522064957316,0.7256445974112766,0.5928649058107688,0.7444007381266277,5698.881606765328,0.0,1892
33,0.036496828678770105,0.7815474515513007,0.7025575725779196,0.5872391518394116,0.7399504367805882,4996.862579281184,0.0,1892
34,0.03554281214628678,0.7815624821972681,0.6993052329790617,0.5849735630807258,0.7381493000346429,4973.292811839324,0.0,1892
35,0.03540133095568295,0.8011643587416527,0.681179055255355,0.5826738020970273,0.736315722576554,4301.774312896406,0.0,1892
36,0.03478010279834203,0.7916062123901858,0.6996398805239096,0.5908206189478761,0.742787228064253,4686.664376321353,0.0,1892
