threshold,dice,small_recall,precision,recall,fp_pixels,selected
0.3,0.6002319836595846,0.7122468937287045,0.5460185973210748,0.6663976274880734,24540253,False
0.325,0.6048209545619475,0.6973199773491991,0.5616878663364456,0.6551296137334792,22642827,False
0.35,0.6085665249492246,0.6825360779713232,0.5766239180354685,0.6442556534182934,20951102,False
0.375,0.61150404740483,0.6678488117026561,0.5908850025939179,0.6336141333803497,19430423,False
0.4,0.6136718962796512,0.6535480778708247,0.60449091863598,0.6231360553207408,18057787,False
0.425,0.6150502917533939,0.6394357786019508,0.6173766468179059,0.6127414028875924,16819515,False
0.45,0.6157256371018576,0.6253302436507215,0.6297286601712986,0.6023318264113883,15686188,False
0.475,0.6157864264260258,0.611816103327851,0.6417330592315644,0.5918564125531116,14634694,True
0.5,0.6153632476801898,0.5981357540571411,0.6535475525375715,0.5813945680592469,13650620,False
0.525,0.6143527832038933,0.5844621691040758,0.6650628529803141,0.5708279843282646,12732710,False
0.55,0.6126872675025109,0.5703141155847946,0.6763002024526077,0.5600123880846349,11871771,False
0.575,0.6103956400967803,0.5558027215748877,0.6874087221443758,0.5489002075299948,11055291,False
0.6,0.6074108682095574,0.540880636850843,0.6983951738434522,0.537400363103548,10278979,False
0.625,0.6037749871315127,0.5257788145436695,0.7094097595899322,0.5255220440420928,9534321,False
0.65,0.5993629186332804,0.5103010894416732,0.7204482671630041,0.513122670418404,8818517,False
0.675,0.5939825798158432,0.4941498315684906,0.7315572151150682,0.49996124490180804,8125587,False
0.7,0.5876469536448868,0.47730571430227997,0.742892180611906,0.48607075391727345,7450818,False
0.725,0.580164595019131,0.4597378150480943,0.7542753622429161,0.4713597566563659,6801211,False
0.75,0.5714634512465948,0.44077356736583945,0.7661295992109153,0.4556796448718967,6160949,False
0.775,0.5612554360748869,0.42032696778831935,0.7785477632417683,0.4387894889671246,5527974,False
0.8,0.5493381764757364,0.39773028153090034,0.7915741112094847,0.42062067446875767,4905301,False
