relative_path,bytes,sha256
PUFF_PANELRGB/1/PUFF_PANELMask/IMG_2650_mask.png,2880,5cbf6c49755c4f163a5309f4f0995a7b843496fa191fa1a8227b8d53859cca46
PUFF_PANELRGB/1/PUFF_PANELMask/IMG_2656_mask.png,2968,dfc95d659cc0813cfeb0f951916ddbec5002bfd6e14a70ba38cfc8dc96c7b7ca
PUFF_PANELRGB/1/PUFF_PANELMask/IMG_2660_mask.png,3099,35ea4af97e6542d0fd26d5faf35fab610f7c294262346f08db430c92d0d533ae
PUFF_PANELRGB/1/PUFF_PANELMask/IMG_2664_mask.png,2929,26626a9d596b03733cb7c11686b7b0d8e9a01120114018546f42aa57ab712d83
PUFF_PANELRGB/1/PUFF_PANELMask/IMG_2668_mask.png,3038,f29bd347679a45bba0617c2aaea9acb6632d37c6518141f32db2e2f0d5eb04a2
PUFF_PANELRGB/1/PUFF_PANELRGB/IMG_2650.jpg,126329,11735584a516b4ff175826714d28a0f9141bd4f9b57b0de422d02b41871b1104
PUFF_PANELRGB/1/PUFF_PANELRGB/IMG_2656.jpg,139045,b968b4d7179b588f3c7dbf18ba29120db83c7b38709cca10acd4cc420feee43e
PUFF_PANELRGB/1/PUFF_PANELRGB/IMG_2660.jpg,148276,e162036996565cd935790bdffd4dac4f3c32a87ba622409a6aa36e2a99f28c64
PUFF_PANELRGB/1/PUFF_PANELRGB/IMG_2664.jpg,129697,73e98862b19666afc2c12b1d85aaaaa3b26c44abf58e8d4fe4e61cf648a13a51
PUFF_PANELRGB/1/PUFF_PANELRGB/IMG_2668.jpg,129136,b835681726a038c52a58c453da3dc814bb23ec2df2f5e18466835fd969eda812
PUFF_PANELRGB/2/PUFF_PANELMask/IMG_2651_mask.png,2103,0456ee801ee7d8508f4b799ce574702acd90559c2c7593bbd77ce208b22bf8f0
PUFF_PANELRGB/2/PUFF_PANELMask/IMG_2653_mask.png,1758,566a752c41022b803679668d0af8c06ad9ed7af439a0ff00deb69f9bc11fba01
PUFF_PANELRGB/2/PUFF_PANELMask/IMG_2657_mask.png,1843,e78b29494f4eeb3a96335d61a2b2212c2228df36aebd3df422f228c3e375c7a9
PUFF_PANELRGB/2/PUFF_PANELMask/IMG_2661_mask.png,1759,8bb411930a56542ab2370637885dc6ac3976f53388dfbed7d8e38366236754b2
PUFF_PANELRGB/2/PUFF_PANELMask/IMG_2665_mask.png,1812,6126849cd479480873cde4d908f439998a6d98d83e9ccde024834f87d6f3f204
PUFF_PANELRGB/2/PUFF_PANELRGB/IMG_2651.jpg,137952,00e5b2ea390a579cb4dbda9f34db65f681af9394b00c2325a8e5021bfb38bf74
PUFF_PANELRGB/2/PUFF_PANELRGB/IMG_2653.jpg,143746,0bed4c88329a7146c7f5c8850cfb14fcd33cd3180de54304e3a6628851f5c8e7
PUFF_PANELRGB/2/PUFF_PANELRGB/IMG_2657.jpg,147438,63e672e03f4b7ad9ac7f9144ad3e71af0f8a36c4155d9afaaf86786a1e25fe60
PUFF_PANELRGB/2/PUFF_PANELRGB/IMG_2661.jpg,137733,cce28457afcd30d77180005d12d89b9a9db674400f274fa8ef07def4d84233ed
PUFF_PANELRGB/2/PUFF_PANELRGB/IMG_2665.jpg,139182,8c05ed69fb9e79a3e738e14f01530cee29dbdecd1625717325e26d4900c00ad4
PUFF_PANELRGB/3/PUFF_PANELMask/IMG_2652_mask.png,2882,e062acdb47de59df17a591734e5e06100d5396ce0674ac38ab3313ff3771d186
PUFF_PANELRGB/3/PUFF_PANELMask/IMG_2654_mask.png,2983,7b3e38ed9600f758ae22d303d75e3a1fba10ee8cee4de426a4e1d1760922c43a
PUFF_PANELRGB/3/PUFF_PANELMask/IMG_2658_mask.png,3029,3cf604a3990bdb2b0ca3bed523086c49b53f3a96646ade67bcedc2c276f8ba30
PUFF_PANELRGB/3/PUFF_PANELMask/IMG_2662_mask.png,2956,a7b558949ef023f5a315d84c1b4c52795bdb4f8a061ad89e89055377227c312e
PUFF_PANELRGB/3/PUFF_PANELMask/IMG_2666_mask.png,3014,270b434fdbd5c93dd82848ee75fcc5d6218c287e951caf91923745d58ded93fb
PUFF_PANELRGB/3/PUFF_PANELRGB/IMG_2652.jpg,115638,6a25840330e3cc5035a18bbe35c71193b2b657128bcd738e32d0d570378c71b1
PUFF_PANELRGB/3/PUFF_PANELRGB/IMG_2654.jpg,124243,74242f7e7e6e4b4db63db875d01619f82703a45750ad250f6c6718bba7ea6182
PUFF_PANELRGB/3/PUFF_PANELRGB/IMG_2658.jpg,121263,7c19823e6bc364918c94074e0551240d8e528087a97bbe641208d9f7de86c442
PUFF_PANELRGB/3/PUFF_PANELRGB/IMG_2662.jpg,121818,2ef31844a1442197f2a610a4291a2c77580140e0e0003aeb922ce2a627d80d62
PUFF_PANELRGB/3/PUFF_PANELRGB/IMG_2666.jpg,115558,ebbf117ed7722abd4409b51247f22b81cf0954e991442eff5870d638cb0983ab
PUFF_PANELRGB/4/PUFF_PANELMask/IMG_2649_mask.png,1704,2d332fe92cab08a7fad41c66cd1b2867ac31bd13e2a05f2fbea87e3bc8a24eb9
PUFF_PANELRGB/4/PUFF_PANELMask/IMG_2655_mask.png,1713,c8e9ef39f8483ab69c7ffa76d1c87003ff035a753fee2ec7512de2b4ee2c23a8
PUFF_PANELRGB/4/PUFF_PANELMask/IMG_2659_mask.png,1855,850026cf1270dc90b07acd0e08ee40b9fd4129bd2fdafaf781c7052c2d481332
PUFF_PANELRGB/4/PUFF_PANELMask/IMG_2663_mask.png,1783,188cb6b6b171bc2cae60871042d35ed983dd1902c9f40b8e82186da9a53326ef
PUFF_PANELRGB/4/PUFF_PANELMask/IMG_2667_mask.png,1752,1b2668a815b5a5bd9404f23fa6afa098e33f7ab3cbe2a627acd67fa42cc3f381
PUFF_PANELRGB/4/PUFF_PANELRGB/IMG_2649.jpg,139594,6e7ea2a19451bac20914e736a8ec7380b85c2e5c434e654546b38916e4663f13
PUFF_PANELRGB/4/PUFF_PANELRGB/IMG_2655.jpg,134810,2ff7490c5ed9c88515e9b06f002c2011d10e960110eee2ca710a8863722dfb4d
PUFF_PANELRGB/4/PUFF_PANELRGB/IMG_2659.jpg,140462,47fdd74203d1cc921df69550977f1b2eda23cea6e187a46a86a31a6c242f9ffa
PUFF_PANELRGB/4/PUFF_PANELRGB/IMG_2663.jpg,133495,f2d33cc493ec3334978ea5b8478c7b902914dcee89d6cc201de057478601cf0c
PUFF_PANELRGB/4/PUFF_PANELRGB/IMG_2667.jpg,133752,3839175e9c7069589352f09652c4921d2a3b03f27c64010d16d13d3131bf230d
Plastic_RGB/1/Plastic_Mask/IMG_2608_mask.png,2351,11dbdeef886ab71916b789b182957f78bbe2846bd04baccb458e4cccd74e830a
Plastic_RGB/1/Plastic_Mask/IMG_2614_mask.png,2322,07e6675ef98aba4c932ff15b5b9a53fbf6e502715848df0db16b447c2ee87b64
Plastic_RGB/1/Plastic_Mask/IMG_2616_mask.png,2401,c59da4fab2cd4146482d34af030560210e0d23b460a2ec9b70b5ef03a0b432f7
Plastic_RGB/1/Plastic_Mask/IMG_2620_mask.png,2437,c7f5b0de12b3e79bb36e9b42439ca4590957b2b14e3456d9a92f6cf3aa2dd4d4
Plastic_RGB/1/Plastic_Mask/IMG_2625_mask.png,2490,e0369f84f9bfeb8c8d7857966b2dd6fc39dc62116e8882add34446551371384d
Plastic_RGB/1/Plastic_RGB/IMG_2608.jpg,51316,9df4a602f5bc2a909790a2990c35a3c1570ad532bdc66f7203de8154ec5ea642
Plastic_RGB/1/Plastic_RGB/IMG_2614.jpg,41454,83493837facb09386a609baa0213780326593d662e674e774ad8a0899f8152f8
Plastic_RGB/1/Plastic_RGB/IMG_2616.jpeg,46634,7450975d3544ca87a1d3a33a62860f51ac1473cf049f9b89c0625675d96e1770
Plastic_RGB/1/Plastic_RGB/IMG_2620.jpg,46920,f7418609394ec76c50434bec2213d1397a142707f74e895389faa855f9d77f82
Plastic_RGB/1/Plastic_RGB/IMG_2625.jpg,54480,846a11adbf5cfc9e35a148a7c8be3f12a6b665cac8196356909d8213bf27f72a
Plastic_RGB/2/Plastic_Mask/IMG_2609_mask.png,1575,e71e32ffed353ecd8771e0ffbc6ce2999e1983fe3cfcfbcbebc1e19ddd88c5cc
Plastic_RGB/2/Plastic_Mask/IMG_2615_mask.png,1553,cba48710b785bfbe6c568f2a5d6a064cdb223c2bf3c52c3c8e3a18abb1a49fe7
Plastic_RGB/2/Plastic_Mask/IMG_2617_mask.png,1464,ebb2044009cd871780b57f7eaa18039a9c1fa47d29063aae78ff870d44caf175
Plastic_RGB/2/Plastic_Mask/IMG_2622_mask.png,1478,eddb88ca3330209b721d3176244454eeab942259dd5f86aa0651ded19ca317b5
Plastic_RGB/2/Plastic_Mask/IMG_2626_mask.png,1493,6ce7859f5c2d1b8f4af2f523e5ee2c5ed42429f94618a23a50b1b2cfae17915c
Plastic_RGB/2/Plastic_RGB/IMG_2609.jpg,54063,806c1e651ae56a502b45d8bd3bb25a8cb59e68a0a29219fe3aca6e05fb75747f
Plastic_RGB/2/Plastic_RGB/IMG_2615.jpg,51198,d34b6fe731479ffbc0f960c354456b9601eabae7511ec707e6bdfceb1f418b7d
Plastic_RGB/2/Plastic_RGB/IMG_2617.jpg,51946,56c4d7eac506a4fe13ed77cc71545ef93c106d67698a6808d66d26aac9fd773b
Plastic_RGB/2/Plastic_RGB/IMG_2622.jpg,49688,a9ebf70e9a4e4e16d4287d6014330878dfb35b6ed6d10d2906de55d4bf22e232
Plastic_RGB/2/Plastic_RGB/IMG_2626.jpg,52546,aa01952b03c02ece1fde313eee592a75425ed5a35bef3579ddc010849cf674e2
Plastic_RGB/3/Plastic_Mask/IMG_2610_mask.png,2264,dd08225bed96cdcf557a6bcd065d2ca1900cea30093edb33c58d331b00d2c47b
Plastic_RGB/3/Plastic_Mask/IMG_2612_mask.png,2314,4c0996cb97ff460b6f04ff8dcf4bfdf450e4af0c92ee26776e7b819baa6860c3
Plastic_RGB/3/Plastic_Mask/IMG_2618_mask.png,2352,3b779c571f18259dcfde0e353b7faad5623b911612b0a38c2f5f6cbdc1944374
Plastic_RGB/3/Plastic_Mask/IMG_2623_mask.png,2219,54138936ba5e83d141b5b87cea6fd240e21591b3187d8a610ef072e5dc46f88a
Plastic_RGB/3/Plastic_Mask/IMG_2627_mask.png,2293,8e92016374f494686006e4f10e644782f01ed4b4d382710566f43621b89055c3
Plastic_RGB/3/Plastic_RGB/IMG_2610.jpg,45931,f447fc262458d9bf3586699e3b74bb23ec68ed59de2c5ef3e58a9d7860c32610
Plastic_RGB/3/Plastic_RGB/IMG_2612.jpg,51102,4346d877b9229351e531093100a02ecf8369240b65521ff31f57ab3e0279b0da
Plastic_RGB/3/Plastic_RGB/IMG_2618.jpg,44295,5c5de1a83e2b99e42ab3d0ecdfbf50ed0957ab81a0328b15954ee8c69c10e86f
Plastic_RGB/3/Plastic_RGB/IMG_2623.jpg,49284,0f620081b2f566b4726048dd0a671e0292e86d3aaafcbb4ffafdd0cabe3db7d8
Plastic_RGB/3/Plastic_RGB/IMG_2627.jpg,48462,4e857672a169b255587e249349eb1f21c591d4355c1a9636ebfb7853a5a072b6
Plastic_RGB/4/Plastic_Mask/IMG_2611_mask.png,1497,9e7bb1542a52b6a268cd7b41c0000f4beabe0136b8f01b04e33c4673cabd5300
Plastic_RGB/4/Plastic_Mask/IMG_2613_mask.png,1321,9644d4ff89f4cf0e8f212a1152cdb6f76be5a848bf73da0c1053d1144f1ffd58
Plastic_RGB/4/Plastic_Mask/IMG_2619_mask.png,1491,0ddbf1a449f4a80fa718f09b39360e4b44ee736783fe1376d7213835da7155fb
Plastic_RGB/4/Plastic_Mask/IMG_2624_mask.png,1536,f914557376b4c8408dead80097ebbaaf0088cd9c299b361cd60ab5fd7f2b5517
Plastic_RGB/4/Plastic_Mask/IMG_2628_mask.png,1419,1c4bb3beb55d2e07184eee44badc0f6ebba50ef6cf3b3059e676d65adffc6028
Plastic_RGB/4/Plastic_RGB/IMG_2611.jpg,44725,49c2df364352ef3e9f62d83a8afc02a1b040dfe31e1187fddf7e107762af7908
Plastic_RGB/4/Plastic_RGB/IMG_2613.jpg,44196,cbc5f6be81b75f469f907ad5ec92874da162f63682f306adf4d998af1125094d
Plastic_RGB/4/Plastic_RGB/IMG_2619.jpg,48336,a889b45b4767e4efd1df251a4167e93ff6d54cfbd85bca61618f56e2bc33abfb
Plastic_RGB/4/Plastic_RGB/IMG_2624.jpg,53862,8fde52e1513ad1c22a7a8f87720c0c0232e9f6de2eb552700f6cb6addeb59e63
Plastic_RGB/4/Plastic_RGB/IMG_2628.jpg,45403,61bd5ea7ff0062a34d1b54dd84f590f379a487109fa2858aa57b4e2063d10f7d
plASTIC_NUMBER_RGB/1/plASTIC_NUMBER_Mask/IMG_2630_mask.png,1241,5a9934d809ad8d0286f4223187bee4642946958930031d2305714b47c182f0c8
plASTIC_NUMBER_RGB/1/plASTIC_NUMBER_Mask/IMG_2634_mask.png,1276,28c0f3e3cc70cff3a8bf222e9b459070bb96fbfc5262545afb30ee2772cafb3e
plASTIC_NUMBER_RGB/1/plASTIC_NUMBER_Mask/IMG_2638_mask.png,1307,e68a5bbe5091adc72179bb597d6bdd0c6e5bc34379af0ad9eee26d7e0cf5a6f3
plASTIC_NUMBER_RGB/1/plASTIC_NUMBER_Mask/IMG_2642_mask.png,1257,87040a499f558f3428f6c981b8b382bf1278baea9b6d94fb22f3687098fba437
plASTIC_NUMBER_RGB/1/plASTIC_NUMBER_Mask/IMG_2646_mask.png,1164,909291b7e306faa0038cee2191a31d80949d10311ec74ff7f458ee1850fd19e0
plASTIC_NUMBER_RGB/1/plASTIC_NUMBER_RGB/IMG_2630.jpg,46154,7533cbc5d400ab06fd6a4fd08b89b792c20e3cad194de86e53082abceabbbc24
plASTIC_NUMBER_RGB/1/plASTIC_NUMBER_RGB/IMG_2634.jpg,44889,3d9a96da11e61a59c07ae96a920242a9fa6f71284639951eec6776f537bf3e11
plASTIC_NUMBER_RGB/1/plASTIC_NUMBER_RGB/IMG_2638.jpg,47196,89dd2a74f1cb4165dcc22a24aae530ee76cd12a284f1cadc562c594fe894758b
plASTIC_NUMBER_RGB/1/plASTIC_NUMBER_RGB/IMG_2642.jpg,50941,6ed9d26c8e2b4b84eaf12373636dfdd0cfc8c0a879bfc26d6e8fac6090168026
plASTIC_NUMBER_RGB/1/plASTIC_NUMBER_RGB/IMG_2646.jpg,42631,6d6b1d7d465a0ee3c3b12704b964cb4280e4da43c2b202ee8b4724f087a2dcc6
plASTIC_NUMBER_RGB/2/plASTIC_NUMBER_Mask/IMG_2629_mask.png,2848,9d7db972c580afaf5531c43c9a9f793a056e00d80819650e4765ac212bd49c5d
plASTIC_NUMBER_RGB/2/plASTIC_NUMBER_Mask/IMG_2633_mask.png,2608,f4a4eab783000e36c9b7987296d4c3313b29bed59b31febe9d068b7d75506ffa
plASTIC_NUMBER_RGB/2/plASTIC_NUMBER_Mask/IMG_2637_mask.png,3031,fc8e5643cf45d65f6895235e36960a14470a7f876ae7ab66e579fd079e8a3159
plASTIC_NUMBER_RGB/2/plASTIC_NUMBER_Mask/IMG_2641_mask.png,2803,6ac8156db2056d97991021829ce46876b32a7cb640e8e8b61a5f5ca63f3238c4
plASTIC_NUMBER_RGB/2/plASTIC_NUMBER_Mask/IMG_2645_mask.png,2504,4614b3ede48e3f71797c681e72fc88f87f223d21774892d9d778387224f23ddc
plASTIC_NUMBER_RGB/2/plASTIC_NUMBER_RGB/IMG_2629.jpg,64081,b7c1f5bf5c5144a468b9d49932291cf227dff119d54dfdf0a234d84c3f3c05f6
plASTIC_NUMBER_RGB/2/plASTIC_NUMBER_RGB/IMG_2633.jpg,56830,db661198181bec263079c224cd56a60a2bb9b6c95e992c45c78eed43f60b47c2
plASTIC_NUMBER_RGB/2/plASTIC_NUMBER_RGB/IMG_2637.jpg,67500,0bdd7c1554496df9ea1c013035020b359af79f9da4b621d2278099bd3c31f38f
plASTIC_NUMBER_RGB/2/plASTIC_NUMBER_RGB/IMG_2641.jpg,65916,e6b4210e9c801e849d87f8fcc82c1d1a9d2daf65748eb972a3f640377e3efe24
plASTIC_NUMBER_RGB/2/plASTIC_NUMBER_RGB/IMG_2645.jpg,70024,3574d281b6393365f9ab712641537fcbed995492ee44a8fc3ca1cc3f5a957881
plASTIC_NUMBER_RGB/3/plASTIC_NUMBER_Mask/IMG_2632_mask.png,1221,d6ae0396991af4175b6a4efaec740a23ac865c084464ff254eb740f24f9bcd98
plASTIC_NUMBER_RGB/3/plASTIC_NUMBER_Mask/IMG_2636_mask.png,1108,6393bb647989f99e1e320b59892553ec872bae731aef8c8e11f95047960609b4
plASTIC_NUMBER_RGB/3/plASTIC_NUMBER_Mask/IMG_2640_mask.png,1033,552b43a68da1be22c53a4f19cc921c85b2e2c1a9922726f5f8d2921481c4d5f6
plASTIC_NUMBER_RGB/3/plASTIC_NUMBER_Mask/IMG_2644_mask.png,1227,55a1e9b0932cebe5df200635eddd1218eabbbe039b52b89b6172c078b34980f9
plASTIC_NUMBER_RGB/3/plASTIC_NUMBER_Mask/IMG_2648_mask.png,1311,0f65b128fd36b761cd232847b8e5167faa5a36cf25cb96ebe94a2ea0d03b2090
plASTIC_NUMBER_RGB/3/plASTIC_NUMBER_RGB/IMG_2632.jpg,42925,43478069927f2f7e3d5c8315f03fd542ef77ce4955a8f4c324035a0a1f5cddbb
plASTIC_NUMBER_RGB/3/plASTIC_NUMBER_RGB/IMG_2636.jpg,46211,15302334bafec79aaeea3a8b34259093716be5ccfce8c58604983627c1afc971
plASTIC_NUMBER_RGB/3/plASTIC_NUMBER_RGB/IMG_2640.jpg,42091,fd85b67de6305e0b2a3fd290e45f76360e8d38e9ce2d23de0bcaae7eb97242a4
plASTIC_NUMBER_RGB/3/plASTIC_NUMBER_RGB/IMG_2644.jpg,52009,fab42c920e250438a9a7417c8602b114643c400af0dc1ff04959ea0fa9326090
plASTIC_NUMBER_RGB/3/plASTIC_NUMBER_RGB/IMG_2648.jpg,47849,ec45cc46861f8fc3f783a5ea6fa47e591b4e640e884a8616ff44c4d664f32903
plASTIC_NUMBER_RGB/4/plASTIC_NUMBER_Mask/IMG_2631_mask.png,2480,b3ba98722579e74bf12fd412bf61b64d9fe74f6d2a9180ff48d97c93a09ed032
plASTIC_NUMBER_RGB/4/plASTIC_NUMBER_Mask/IMG_2635_mask.png,2451,659e88075916816013d50a9acdffbbeb4f010ff8d075c7d4e33787566b97992e
plASTIC_NUMBER_RGB/4/plASTIC_NUMBER_Mask/IMG_2639_mask.png,2534,d313c0263331c6b41c31ed8011c9c9af4e2d1ab99e9530d8e71fb69bbb0dcb7b
plASTIC_NUMBER_RGB/4/plASTIC_NUMBER_Mask/IMG_2643_mask.png,2731,611fb5d200a005b85f3358aebf0035f07944eff8bfcf40c62748674fb6eae7c6
plASTIC_NUMBER_RGB/4/plASTIC_NUMBER_Mask/IMG_2647_mask.png,2424,69e1234790b6933fd29ae1cc3dc09d9c58c04700f792693949dd5477b1be494b
plASTIC_NUMBER_RGB/4/plASTIC_NUMBER_RGB/IMG_2631.jpg,65837,ddd41017991c4425ae18d96b48ac9c687787de003db970d66f24efefc9db074b
plASTIC_NUMBER_RGB/4/plASTIC_NUMBER_RGB/IMG_2635.jpg,66631,7afcfeb6f507396d2be86c65d8743c47ed377b1df507ab526d0f49f495d4b9a8
plASTIC_NUMBER_RGB/4/plASTIC_NUMBER_RGB/IMG_2639.jpg,64681,7469384b4590538ae5dfd0b2de7ee81f61f3936ae539be0acb0e0f70d29cdb25
plASTIC_NUMBER_RGB/4/plASTIC_NUMBER_RGB/IMG_2643.jpg,69050,82587c70d36e3a3851051622444ea933100b18b6de68dca299948224fb1aabce
plASTIC_NUMBER_RGB/4/plASTIC_NUMBER_RGB/IMG_2647.jpg,63707,c2631bf4bb297df1e41a8dc7880b1832d86b961b3948f89bca31a71de582e127
